{
  "combo": 0.25146169079339126,
  "matic": 0.927092263091278
}
