{
  "combo": 0.3373117306966575,
  "matic": 1.048789543348206
}
