{
  "combo": 2.6407227249531084,
  "eth_combo": 170.53105514483792
}
