{
  "combo": 0.7700531187140784,
  "eth_combo": 97.08218125262987
}
