{
  "combo": 0.2374479027819165,
  "matic": 0.8562662668585345
}
