{
  "combo": 0.2374257328050124,
  "eth_combo": 46.25073001610982
}
