{
  "combo": 0.9711279996638906,
  "eth_combo": 109.2997797141207
}
