{
  "combo": 0.37106974333399706,
  "eth_combo": 62.22945734494219
}
