{
  "combo": 0.8238129455183727,
  "eth_combo": 95.38485078382445
}
