{
  "combo": 0.3767069234631882,
  "eth_combo": 57.163533562341705
}
