{
  "combo": 0.6414954142779794,
  "eth_combo": 86.79650172845136
}
