{
  "combo": 0.2526784444699079,
  "eth_combo": 48.016587045883234
}
