{
  "combo": 0.2719024586926592,
  "eth_combo": 53.3420107743933
}
