{
  "combo": 0.37106974333399706,
  "matic": 1.118710240935887
}
