{
  "combo": 1.897599948833787,
  "eth_combo": 152.68019987662367
}
