{
  "combo": 2.3003554512716575,
  "eth_combo": 143.61739048729447
}
