{
  "combo": 2.7083178923997044,
  "eth_combo": 149.60947021063814
}
