{
  "combo": 2.060698910760716,
  "eth_combo": 120.93098076516823
}
