{
  "combo": 0.40476912683556837,
  "matic": 1.1174171867651619
}
