{
  "combo": 1.8786878402229965,
  "eth_combo": 172.02494252560027
}
