{
  "combo": 0.33725567638638515,
  "eth_combo": 64.71129204401316
}
