{
  "combo": 2.8121044387189924,
  "eth_combo": 156.05287421755537
}
