{
  "combo": 0.504425218641549,
  "eth_combo": 74.70961987978374
}
