{
  "combo": 0.40384963372758137,
  "eth_combo": 63.78237102834061
}
