{
  "combo": 2.259214951786351,
  "eth_combo": 157.144558627881
}
