{
  "combo": 0.2719024586926592,
  "matic": 1.002491629754404
}
